12,12
Davey J.,95,Kohlhammer J.,290,Bernard J.,324,Wilhelm N.,325,Kruger B.,328,May T.,329,Tekusova T.,522,Bannach A.,644,Bustos B.,760,Sharalieva L.,765,Wanner F.,766,Ruppert T.,767,
Davey J.,95,Kohlhammer J.,290,Bernard J.,324,Wilhelm N.,325,Kruger B.,328,May T.,329,Tekusova T.,522,Bannach A.,644,Bustos B.,760,Sharalieva L.,765,Wanner F.,766,Ruppert T.,767,
0,3,0,0,0,2,0,1,0,0,0,1,
3,0,2,1,1,3,1,1,0,0,0,2,
0,2,0,1,1,1,1,0,1,1,1,1,
0,1,1,0,1,1,0,0,0,0,0,0,
0,1,1,1,0,1,0,0,0,0,0,0,
2,3,1,1,1,0,0,1,0,0,0,1,
0,1,1,0,0,0,0,0,0,0,0,0,
1,1,0,0,0,1,0,0,0,0,0,1,
0,0,1,0,0,0,0,0,0,1,1,1,
0,0,1,0,0,0,0,0,1,0,1,1,
0,0,1,0,0,0,0,0,1,1,0,1,
1,2,1,0,0,1,0,1,1,1,1,0,
64,64
Hertzog P.,126,Lalanne D.,127,Ellis G.,149,Jackle D.,150,Schreck T.,152,Fischer F.,153,Sacha D.,154,Keim D.A.,155,Senaratne H.,157,Bertini E.,165,Ziegler H.,282,Patel C.,295,Mei-Chun Hsu,360,Haug L.,361,Janetzko H.,373,Stein M.,374,Deussen O.,375,Behrisch M.,376,Morent D.,398,Bash C.,412,Spretke D.,476,Stoffel A.,504,Stoffel F.,505,Last M.,523,Leishi Zhang,600,Schneidewind J.,606,Maas F.,639,Tatu A.,640,Seidl T.,641,Farber I.,642,Dayal U.,674,Marwah M.,684,Mittelstadt S.,685,Hao M.C.,755,Huber S.,798,Lindemeier T.,799,Danon G.,908,Jenny M.,933,Korkmaz F.,952,Lin Shao,956,Qian Z.C.,961,Li Zhang,962,Felix C.,1034,Chen Y.,1035,Last H.,1135,Weber S.,1136,Pompl R.,1137,Buchmuller J.,1143,Castellanos M.,1149,Ming Hao,1177,Zieker M.,1178,Regenscheit M.,1180,Ramm T.,1181,Mansmann F.,1182,Maass F.,1183,Tautzenberger M.,1184,Sellien S.,1185,Scheible C.,1186,Rohrdantz C.,1187,Oelke D.,1198,Gruse T.,1199,Patnaik D.,1202,Sharma R.,1203,Hsu M.,1248,
Hertzog P.,126,Lalanne D.,127,Ellis G.,149,Jackle D.,150,Schreck T.,152,Fischer F.,153,Sacha D.,154,Keim D.A.,155,Senaratne H.,157,Bertini E.,165,Ziegler H.,282,Patel C.,295,Mei-Chun Hsu,360,Haug L.,361,Janetzko H.,373,Stein M.,374,Deussen O.,375,Behrisch M.,376,Morent D.,398,Bash C.,412,Spretke D.,476,Stoffel A.,504,Stoffel F.,505,Last M.,523,Leishi Zhang,600,Schneidewind J.,606,Maas F.,639,Tatu A.,640,Seidl T.,641,Farber I.,642,Dayal U.,674,Marwah M.,684,Mittelstadt S.,685,Hao M.C.,755,Huber S.,798,Lindemeier T.,799,Danon G.,908,Jenny M.,933,Korkmaz F.,952,Lin Shao,956,Qian Z.C.,961,Li Zhang,962,Felix C.,1034,Chen Y.,1035,Last H.,1135,Weber S.,1136,Pompl R.,1137,Buchmuller J.,1143,Castellanos M.,1149,Ming Hao,1177,Zieker M.,1178,Regenscheit M.,1180,Ramm T.,1181,Mansmann F.,1182,Maass F.,1183,Tautzenberger M.,1184,Sellien S.,1185,Scheible C.,1186,Rohrdantz C.,1187,Oelke D.,1198,Gruse T.,1199,Patnaik D.,1202,Sharma R.,1203,Hsu M.,1248,
0,1,0,0,0,0,0,0,0,1,0,0,0,0,0,0,0,0,0,0,0,0,0,0,0,0,0,0,0,0,0,0,0,0,0,0,0,0,0,0,0,0,0,0,0,0,0,0,0,0,0,0,0,0,0,0,0,0,0,0,0,0,0,0,
1,0,0,0,0,0,0,0,0,1,0,0,0,0,0,0,0,0,0,0,0,0,0,0,0,0,0,0,0,0,0,0,0,0,0,0,0,0,0,0,0,0,0,0,0,0,0,0,0,0,0,0,0,0,0,0,0,0,0,0,0,0,0,0,
0,0,0,0,0,0,2,2,1,0,0,0,0,0,0,0,0,0,0,0,0,1,1,0,0,0,0,0,0,0,0,0,0,0,0,0,0,0,0,0,0,0,0,0,0,0,0,0,0,0,0,0,0,0,0,0,0,0,0,0,0,0,0,0,
0,0,0,0,1,1,0,1,0,0,0,0,0,0,0,0,0,0,0,0,0,0,0,0,0,0,0,0,0,0,0,0,0,0,0,0,0,0,0,0,0,0,0,0,0,0,0,0,0,0,0,0,0,0,0,0,0,0,0,0,0,0,0,0,
0,0,0,1,0,2,1,7,0,2,0,0,0,0,1,1,1,3,0,0,0,1,1,0,1,1,1,1,1,1,0,0,1,0,1,1,0,0,1,1,0,0,0,0,1,1,1,1,0,0,1,1,1,2,1,1,1,1,1,0,0,0,0,0,
0,0,0,1,2,0,0,2,0,1,0,0,0,0,0,0,0,0,0,0,0,0,1,0,0,0,0,0,0,0,0,0,0,0,1,1,0,0,0,0,0,0,0,0,0,0,0,1,0,0,1,1,1,1,1,1,1,1,1,0,0,0,0,0,
0,0,2,0,1,0,0,3,1,0,0,0,0,0,1,1,1,0,0,0,0,1,1,0,0,0,0,0,0,0,0,0,0,0,0,0,0,0,0,0,0,0,0,0,0,0,0,0,0,0,0,0,0,0,0,0,0,0,0,0,0,0,0,0,
0,0,2,1,7,2,3,0,1,2,1,1,1,2,6,1,1,2,1,1,1,3,2,1,1,4,1,2,1,1,6,2,2,4,1,1,1,1,0,0,0,0,1,1,1,1,1,1,1,2,1,1,1,2,1,1,1,1,4,4,1,1,2,1,
0,0,1,0,0,0,1,1,0,0,0,0,0,0,0,0,0,0,0,0,0,0,0,0,0,0,0,0,0,0,0,0,0,0,0,0,0,0,0,0,0,0,0,0,0,0,0,0,0,0,0,0,0,0,0,0,0,0,0,0,0,0,0,0,
1,1,0,0,2,1,0,2,0,0,0,0,0,0,0,0,0,0,0,0,0,0,1,0,0,0,1,1,1,1,0,0,0,0,1,1,0,0,0,0,0,0,0,0,0,0,0,1,0,0,1,1,1,1,1,1,1,1,1,0,0,0,0,0,
0,0,0,0,0,0,0,1,0,0,0,0,0,0,0,0,0,0,0,0,0,0,0,0,0,0,0,0,0,0,0,0,0,0,0,0,0,1,0,0,0,0,0,0,0,0,0,0,0,0,0,0,0,0,0,0,0,0,0,0,1,0,0,0,
0,0,0,0,0,0,0,1,0,0,0,0,0,0,1,0,0,0,0,1,0,0,0,0,0,0,0,0,0,0,1,1,1,1,0,0,0,0,0,0,0,0,1,1,0,0,0,0,0,0,0,0,0,0,0,0,0,0,0,0,0,0,0,1,
0,0,0,0,0,0,0,1,0,0,0,0,0,1,1,0,0,0,0,0,0,0,0,0,0,0,0,0,0,0,1,0,0,0,0,0,0,0,0,0,0,0,0,0,0,0,0,0,0,1,0,0,0,0,0,0,0,0,1,0,0,0,0,0,
0,0,0,0,0,0,0,2,0,0,0,0,1,0,2,0,0,0,0,0,0,0,0,0,0,0,0,0,0,0,2,0,0,0,0,0,0,0,0,0,0,0,0,0,0,0,0,0,0,2,0,0,0,0,0,0,0,0,2,1,0,0,0,0,
0,0,0,0,1,0,1,6,0,0,0,1,1,2,0,1,1,0,0,1,0,0,0,0,0,0,0,0,0,0,5,2,1,3,0,0,0,0,0,0,0,0,1,1,0,0,0,0,1,2,0,0,0,0,0,0,0,0,2,1,0,1,2,1,
0,0,0,0,1,0,1,1,0,0,0,0,0,0,1,0,1,0,0,0,0,0,0,0,0,0,0,0,0,0,0,0,0,0,0,0,0,0,0,0,0,0,0,0,0,0,0,0,0,0,0,0,0,0,0,0,0,0,0,0,0,0,0,0,
0,0,0,0,1,0,1,1,0,0,0,0,0,0,1,1,0,0,0,0,0,0,0,0,0,0,0,0,0,0,0,0,0,0,0,0,0,0,0,0,0,0,0,0,0,0,0,0,0,0,0,0,0,0,0,0,0,0,0,0,0,0,0,0,
0,0,0,0,3,0,0,2,0,0,0,0,0,0,0,0,0,0,0,0,0,1,0,0,1,0,0,0,0,0,0,0,1,0,0,0,0,0,1,1,0,0,0,0,1,1,1,0,0,0,0,0,0,0,0,0,0,0,0,0,0,0,0,0,
0,0,0,0,0,0,0,1,0,0,0,0,0,0,0,0,0,0,0,0,0,0,0,0,0,1,0,0,0,0,1,0,0,1,0,0,0,0,0,0,0,0,0,0,0,0,0,0,0,0,0,0,0,0,0,0,0,0,0,0,0,0,0,0,
0,0,0,0,0,0,0,1,0,0,0,1,0,0,1,0,0,0,0,0,0,0,0,0,0,0,0,0,0,0,1,1,1,1,0,0,0,0,0,0,0,0,1,1,0,0,0,0,0,0,0,0,0,0,0,0,0,0,0,0,0,0,0,1,
0,0,0,0,0,0,0,1,0,0,0,0,0,0,0,0,0,0,0,0,0,1,0,0,0,0,0,0,0,0,0,0,0,0,0,0,0,0,0,0,0,0,0,0,0,0,0,0,0,0,0,0,0,0,0,0,0,0,0,1,0,0,0,0,
0,0,1,0,1,0,1,3,0,0,0,0,0,0,0,0,0,1,0,0,1,0,1,0,1,0,0,0,0,0,0,0,1,0,0,0,0,0,0,0,0,0,0,0,1,1,1,0,0,0,0,0,0,0,0,0,0,0,0,1,0,0,0,0,
0,0,1,0,1,1,1,2,0,1,0,0,0,0,0,0,0,0,0,0,0,1,0,0,0,0,0,0,0,0,0,0,0,0,1,1,0,0,0,0,0,0,0,0,0,0,0,1,0,0,1,1,1,1,1,1,1,1,1,0,0,0,0,0,
0,0,0,0,0,0,0,1,0,0,0,0,0,0,0,0,0,0,0,0,0,0,0,0,0,0,0,0,0,0,0,0,0,0,0,0,1,0,0,0,0,0,0,0,0,0,0,0,0,0,0,0,0,0,0,0,0,0,0,1,0,0,0,0,
0,0,0,0,1,0,0,1,0,0,0,0,0,0,0,0,0,1,0,0,0,1,0,0,0,0,0,0,0,0,0,0,1,0,0,0,0,0,0,0,0,0,0,0,1,1,1,0,0,0,0,0,0,0,0,0,0,0,0,0,0,0,0,0,
0,0,0,0,1,0,0,4,0,0,0,0,0,0,0,0,0,0,1,0,0,0,0,0,0,0,0,1,0,0,1,0,0,1,0,0,0,0,0,0,0,0,0,0,0,0,0,0,0,0,0,0,0,1,0,0,0,0,0,0,0,0,0,0,
0,0,0,0,1,0,0,1,0,1,0,0,0,0,0,0,0,0,0,0,0,0,0,0,0,0,0,1,1,1,0,0,0,0,0,0,0,0,0,0,0,0,0,0,0,0,0,0,0,0,0,0,0,0,0,0,0,0,0,0,0,0,0,0,
0,0,0,0,1,0,0,2,0,1,0,0,0,0,0,0,0,0,0,0,0,0,0,0,0,1,1,0,1,1,0,0,0,0,0,0,0,0,0,0,0,0,0,0,0,0,0,0,0,0,0,0,0,0,0,0,0,0,0,0,0,0,0,0,
0,0,0,0,1,0,0,1,0,1,0,0,0,0,0,0,0,0,0,0,0,0,0,0,0,0,1,1,0,1,0,0,0,0,0,0,0,0,0,0,0,0,0,0,0,0,0,0,0,0,0,0,0,0,0,0,0,0,0,0,0,0,0,0,
0,0,0,0,1,0,0,1,0,1,0,0,0,0,0,0,0,0,0,0,0,0,0,0,0,0,1,1,1,0,0,0,0,0,0,0,0,0,0,0,0,0,0,0,0,0,0,0,0,0,0,0,0,0,0,0,0,0,0,0,0,0,0,0,
0,0,0,0,0,0,0,6,0,0,0,1,1,2,5,0,0,0,1,1,0,0,0,0,0,1,0,0,0,0,0,2,1,4,0,0,0,0,0,0,0,0,1,1,0,0,0,0,1,2,0,0,0,0,0,0,0,0,2,1,0,1,2,1,
0,0,0,0,0,0,0,2,0,0,0,1,0,0,2,0,0,0,0,1,0,0,0,0,0,0,0,0,0,0,2,0,1,2,0,0,0,0,0,0,0,0,1,1,0,0,0,0,0,0,0,0,0,0,0,0,0,0,0,0,0,1,1,1,
0,0,0,0,1,0,0,2,0,0,0,1,0,0,1,0,0,1,0,1,0,1,0,0,1,0,0,0,0,0,1,1,0,1,0,0,0,0,0,0,0,0,1,1,1,1,1,0,0,0,0,0,0,0,0,0,0,0,0,0,0,0,0,1,
0,0,0,0,0,0,0,4,0,0,0,1,0,0,3,0,0,0,1,1,0,0,0,0,0,1,0,0,0,0,4,2,1,0,0,0,0,0,0,0,0,0,1,1,0,0,0,0,1,0,0,0,0,0,0,0,0,0,0,0,0,1,2,1,
0,0,0,0,1,1,0,1,0,1,0,0,0,0,0,0,0,0,0,0,0,0,1,0,0,0,0,0,0,0,0,0,0,0,0,1,0,0,0,0,0,0,0,0,0,0,0,1,0,0,1,1,1,1,1,1,1,1,1,0,0,0,0,0,
0,0,0,0,1,1,0,1,0,1,0,0,0,0,0,0,0,0,0,0,0,0,1,0,0,0,0,0,0,0,0,0,0,0,1,0,0,0,0,0,0,0,0,0,0,0,0,1,0,0,1,1,1,1,1,1,1,1,1,0,0,0,0,0,
0,0,0,0,0,0,0,1,0,0,0,0,0,0,0,0,0,0,0,0,0,0,0,1,0,0,0,0,0,0,0,0,0,0,0,0,0,0,0,0,0,0,0,0,0,0,0,0,0,0,0,0,0,0,0,0,0,0,0,1,0,0,0,0,
0,0,0,0,0,0,0,1,0,0,1,0,0,0,0,0,0,0,0,0,0,0,0,0,0,0,0,0,0,0,0,0,0,0,0,0,0,0,0,0,0,0,0,0,0,0,0,0,0,0,0,0,0,0,0,0,0,0,0,0,1,0,0,0,
0,0,0,0,1,0,0,0,0,0,0,0,0,0,0,0,0,1,0,0,0,0,0,0,0,0,0,0,0,0,0,0,0,0,0,0,0,0,0,1,0,0,0,0,0,0,0,0,0,0,0,0,0,0,0,0,0,0,0,0,0,0,0,0,
0,0,0,0,1,0,0,0,0,0,0,0,0,0,0,0,0,1,0,0,0,0,0,0,0,0,0,0,0,0,0,0,0,0,0,0,0,0,1,0,0,0,0,0,0,0,0,0,0,0,0,0,0,0,0,0,0,0,0,0,0,0,0,0,
0,0,0,0,0,0,0,0,0,0,0,0,0,0,0,0,0,0,0,0,0,0,0,0,0,0,0,0,0,0,0,0,0,0,0,0,0,0,0,0,0,1,0,1,0,0,0,0,0,0,0,0,0,0,0,0,0,0,0,0,0,0,0,0,
0,0,0,0,0,0,0,0,0,0,0,0,0,0,0,0,0,0,0,0,0,0,0,0,0,0,0,0,0,0,0,0,0,0,0,0,0,0,0,0,1,0,0,1,0,0,0,0,0,0,0,0,0,0,0,0,0,0,0,0,0,0,0,0,
0,0,0,0,0,0,0,1,0,0,0,1,0,0,1,0,0,0,0,1,0,0,0,0,0,0,0,0,0,0,1,1,1,1,0,0,0,0,0,0,0,0,0,1,0,0,0,0,0,0,0,0,0,0,0,0,0,0,0,0,0,0,0,1,
0,0,0,0,0,0,0,1,0,0,0,1,0,0,1,0,0,0,0,1,0,0,0,0,0,0,0,0,0,0,1,1,1,1,0,0,0,0,0,0,1,1,1,0,0,0,0,0,0,0,0,0,0,0,0,0,0,0,0,0,0,0,0,1,
0,0,0,0,1,0,0,1,0,0,0,0,0,0,0,0,0,1,0,0,0,1,0,0,1,0,0,0,0,0,0,0,1,0,0,0,0,0,0,0,0,0,0,0,0,1,1,0,0,0,0,0,0,0,0,0,0,0,0,0,0,0,0,0,
0,0,0,0,1,0,0,1,0,0,0,0,0,0,0,0,0,1,0,0,0,1,0,0,1,0,0,0,0,0,0,0,1,0,0,0,0,0,0,0,0,0,0,0,1,0,1,0,0,0,0,0,0,0,0,0,0,0,0,0,0,0,0,0,
0,0,0,0,1,0,0,1,0,0,0,0,0,0,0,0,0,1,0,0,0,1,0,0,1,0,0,0,0,0,0,0,1,0,0,0,0,0,0,0,0,0,0,0,1,1,0,0,0,0,0,0,0,0,0,0,0,0,0,0,0,0,0,0,
0,0,0,0,1,1,0,1,0,1,0,0,0,0,0,0,0,0,0,0,0,0,1,0,0,0,0,0,0,0,0,0,0,0,1,1,0,0,0,0,0,0,0,0,0,0,0,0,0,0,1,1,1,1,1,1,1,1,1,0,0,0,0,0,
0,0,0,0,0,0,0,1,0,0,0,0,0,0,1,0,0,0,0,0,0,0,0,0,0,0,0,0,0,0,1,0,0,1,0,0,0,0,0,0,0,0,0,0,0,0,0,0,0,0,0,0,0,0,0,0,0,0,0,0,0,0,1,0,
0,0,0,0,0,0,0,2,0,0,0,0,1,2,2,0,0,0,0,0,0,0,0,0,0,0,0,0,0,0,2,0,0,0,0,0,0,0,0,0,0,0,0,0,0,0,0,0,0,0,0,0,0,0,0,0,0,0,2,1,0,0,0,0,
0,0,0,0,1,1,0,1,0,1,0,0,0,0,0,0,0,0,0,0,0,0,1,0,0,0,0,0,0,0,0,0,0,0,1,1,0,0,0,0,0,0,0,0,0,0,0,1,0,0,0,1,1,1,1,1,1,1,1,0,0,0,0,0,
0,0,0,0,1,1,0,1,0,1,0,0,0,0,0,0,0,0,0,0,0,0,1,0,0,0,0,0,0,0,0,0,0,0,1,1,0,0,0,0,0,0,0,0,0,0,0,1,0,0,1,0,1,1,1,1,1,1,1,0,0,0,0,0,
0,0,0,0,1,1,0,1,0,1,0,0,0,0,0,0,0,0,0,0,0,0,1,0,0,0,0,0,0,0,0,0,0,0,1,1,0,0,0,0,0,0,0,0,0,0,0,1,0,0,1,1,0,1,1,1,1,1,1,0,0,0,0,0,
0,0,0,0,2,1,0,2,0,1,0,0,0,0,0,0,0,0,0,0,0,0,1,0,0,1,0,0,0,0,0,0,0,0,1,1,0,0,0,0,0,0,0,0,0,0,0,1,0,0,1,1,1,0,1,1,1,1,1,0,0,0,0,0,
0,0,0,0,1,1,0,1,0,1,0,0,0,0,0,0,0,0,0,0,0,0,1,0,0,0,0,0,0,0,0,0,0,0,1,1,0,0,0,0,0,0,0,0,0,0,0,1,0,0,1,1,1,1,0,1,1,1,1,0,0,0,0,0,
0,0,0,0,1,1,0,1,0,1,0,0,0,0,0,0,0,0,0,0,0,0,1,0,0,0,0,0,0,0,0,0,0,0,1,1,0,0,0,0,0,0,0,0,0,0,0,1,0,0,1,1,1,1,1,0,1,1,1,0,0,0,0,0,
0,0,0,0,1,1,0,1,0,1,0,0,0,0,0,0,0,0,0,0,0,0,1,0,0,0,0,0,0,0,0,0,0,0,1,1,0,0,0,0,0,0,0,0,0,0,0,1,0,0,1,1,1,1,1,1,0,1,1,0,0,0,0,0,
0,0,0,0,1,1,0,1,0,1,0,0,0,0,0,0,0,0,0,0,0,0,1,0,0,0,0,0,0,0,0,0,0,0,1,1,0,0,0,0,0,0,0,0,0,0,0,1,0,0,1,1,1,1,1,1,1,0,1,0,0,0,0,0,
0,0,0,0,1,1,0,4,0,1,0,0,1,2,2,0,0,0,0,0,0,0,1,0,0,0,0,0,0,0,2,0,0,0,1,1,0,0,0,0,0,0,0,0,0,0,0,1,0,2,1,1,1,1,1,1,1,1,0,1,0,0,0,0,
0,0,0,0,0,0,0,4,0,0,0,0,0,1,1,0,0,0,0,0,1,1,0,1,0,0,0,0,0,0,1,0,0,0,0,0,1,0,0,0,0,0,0,0,0,0,0,0,0,1,0,0,0,0,0,0,0,0,1,0,0,0,0,0,
0,0,0,0,0,0,0,1,0,0,1,0,0,0,0,0,0,0,0,0,0,0,0,0,0,0,0,0,0,0,0,0,0,0,0,0,0,1,0,0,0,0,0,0,0,0,0,0,0,0,0,0,0,0,0,0,0,0,0,0,0,0,0,0,
0,0,0,0,0,0,0,1,0,0,0,0,0,0,1,0,0,0,0,0,0,0,0,0,0,0,0,0,0,0,1,1,0,1,0,0,0,0,0,0,0,0,0,0,0,0,0,0,0,0,0,0,0,0,0,0,0,0,0,0,0,0,1,0,
0,0,0,0,0,0,0,2,0,0,0,0,0,0,2,0,0,0,0,0,0,0,0,0,0,0,0,0,0,0,2,1,0,2,0,0,0,0,0,0,0,0,0,0,0,0,0,0,1,0,0,0,0,0,0,0,0,0,0,0,0,1,0,0,
0,0,0,0,0,0,0,1,0,0,0,1,0,0,1,0,0,0,0,1,0,0,0,0,0,0,0,0,0,0,1,1,1,1,0,0,0,0,0,0,0,0,1,1,0,0,0,0,0,0,0,0,0,0,0,0,0,0,0,0,0,0,0,0,
19,19
Bum Chul Kwon,156,Jina Huh,284,Seungyoon Lee,877,Ghani S.,878,Ji Soo Yi,923,Sung-Hee Kim,1223,Sukwon Lee,1226,Bohn S.,101,Walteros P.R.,102,Fujimoto E.,133,Jaegul Choo,429,Jaeyeon Kihm,485,Reddy C.K.,540,Changhyun Lee,543,Pokharkar S.,711,Tin Kam Ho,712,Hannah Kim,1004,Haesun Park,1007,Hanseung Lee,1039,
Bum Chul Kwon,156,Jina Huh,284,Seungyoon Lee,877,Ghani S.,878,Ji Soo Yi,923,Sung-Hee Kim,1223,Sukwon Lee,1226,Bohn S.,101,Walteros P.R.,102,Fujimoto E.,133,Jaegul Choo,429,Jaeyeon Kihm,485,Reddy C.K.,540,Changhyun Lee,543,Pokharkar S.,711,Tin Kam Ho,712,Hannah Kim,1004,Haesun Park,1007,Hanseung Lee,1039,
0,1,1,1,3,1,1,0,0,0,1,0,0,0,0,0,0,0,0,
1,0,0,0,1,1,1,0,0,0,1,0,0,0,0,0,0,0,0,
1,0,0,1,1,0,0,0,0,0,0,0,0,0,0,0,0,0,0,
1,0,1,0,1,0,0,0,0,0,0,0,0,0,0,0,0,0,0,
3,1,1,1,0,1,1,0,0,0,1,0,0,0,0,0,0,0,0,
1,1,0,0,1,0,1,0,0,0,1,0,0,0,0,0,0,0,0,
1,1,0,0,1,1,0,0,0,0,1,0,0,0,0,0,0,0,0,
0,0,0,0,0,0,0,0,0,0,1,0,0,0,0,0,0,1,0,
0,0,0,0,0,0,0,0,0,1,1,0,0,0,0,0,0,0,1,
0,0,0,0,0,0,0,0,1,0,1,0,0,0,0,0,0,0,1,
1,1,0,0,1,1,1,1,1,1,0,1,1,1,0,0,1,4,2,
0,0,0,0,0,0,0,0,0,0,1,0,0,0,0,0,0,1,1,
0,0,0,0,0,0,0,0,0,0,1,0,0,1,1,1,0,1,0,
0,0,0,0,0,0,0,0,0,0,1,0,1,0,0,0,0,1,0,
0,0,0,0,0,0,0,0,0,0,0,0,1,0,0,1,0,0,0,
0,0,0,0,0,0,0,0,0,0,0,0,1,0,1,0,0,0,0,
0,0,0,0,0,0,0,0,0,0,1,0,0,0,0,0,0,1,0,
0,0,0,0,0,0,0,1,0,0,4,1,1,1,0,0,1,0,1,
0,0,0,0,0,0,0,0,1,1,2,1,0,0,0,0,0,1,0,
8,8
Lehmann D.J.,210,Lowe T.,494,Eisemann M.,511,Magnor M.,624,Forster E.-C.,840,Albuquerque G.,853,Kreiss J.-P.,854,Theisel H.,1126,
Lehmann D.J.,210,Lowe T.,494,Eisemann M.,511,Magnor M.,624,Forster E.-C.,840,Albuquerque G.,853,Kreiss J.-P.,854,Theisel H.,1126,
0,0,1,1,0,1,0,1,
0,0,0,1,1,1,1,0,
1,0,0,3,0,3,0,2,
1,1,3,0,1,4,1,2,
0,1,0,1,0,1,1,0,
1,1,3,4,1,0,1,2,
0,1,0,1,1,1,0,0,
1,0,2,2,0,2,0,0,
9,9
Jungk P.,274,Bak P.,879,Packer E.,880,Polishchuk V.,881,Nikkila M.,882,Ship H.J.,884,Granacher C.,1153,Butscher S.,1154,Leifert S.,1161,
Jungk P.,274,Bak P.,879,Packer E.,880,Polishchuk V.,881,Nikkila M.,882,Ship H.J.,884,Granacher C.,1153,Butscher S.,1154,Leifert S.,1161,
0,1,0,0,0,0,1,1,1,
1,0,1,1,1,1,1,1,1,
0,1,0,1,1,1,0,0,0,
0,1,1,0,1,1,0,0,0,
0,1,1,1,0,1,0,0,0,
0,1,1,1,1,0,0,0,0,
1,1,0,0,0,0,0,1,1,
1,1,0,0,0,0,1,0,1,
1,1,0,0,0,0,1,1,0,
41,41
Rosenblum L.,17,Kielman J.,18,Chin G.,33,Rohrer R.M.,49,Foote H.,50,Pak Chung Wong,51,Mackey P.,52,Hyunmo Kang,196,Monroe M.,212,Rongjian Lan,215,Grinstein G.,239,Thomas J.,241,Getoor L.,330,Wolverton M.,333,Israel D.,334,Cramer N.,335,Burtner R.,339,Bederson B.B.,450,Shahamat L.,489,Karlson A.,490,Fails J.A.,491,Singh L.,645,Namata G.,647,Sharara H.,649,Sopan A.,650,Laskowski S.,725,Kumar A.,742,Clement T.,743,Vuillemot R.,748,Wongsuphasawat K.,787,Buck-Coleman A.,802,Bilgic M.,822,Licamele L.,823,Plaisant C.,834,Gomez J.A.G.,837,Whiting M.,892,Shneiderman B.,1028,O'Connell T.,1110,Lin J.,1168,Cook K.A.,1192,Scholtz J.,1195,
Rosenblum L.,17,Kielman J.,18,Chin G.,33,Rohrer R.M.,49,Foote H.,50,Pak Chung Wong,51,Mackey P.,52,Hyunmo Kang,196,Monroe M.,212,Rongjian Lan,215,Grinstein G.,239,Thomas J.,241,Getoor L.,330,Wolverton M.,333,Israel D.,334,Cramer N.,335,Burtner R.,339,Bederson B.B.,450,Shahamat L.,489,Karlson A.,490,Fails J.A.,491,Singh L.,645,Namata G.,647,Sharara H.,649,Sopan A.,650,Laskowski S.,725,Kumar A.,742,Clement T.,743,Vuillemot R.,748,Wongsuphasawat K.,787,Buck-Coleman A.,802,Bilgic M.,822,Licamele L.,823,Plaisant C.,834,Gomez J.A.G.,837,Whiting M.,892,Shneiderman B.,1028,O'Connell T.,1110,Lin J.,1168,Cook K.A.,1192,Scholtz J.,1195,
0,1,0,0,0,0,0,0,0,0,0,1,0,0,0,0,0,0,0,0,0,0,0,0,0,0,0,0,0,0,0,0,0,0,0,0,0,0,0,0,0,
1,0,0,0,0,0,0,0,0,0,0,1,0,0,0,0,0,0,0,0,0,0,0,0,0,0,0,0,0,0,0,0,0,0,0,0,0,0,0,0,0,
0,0,0,0,1,1,1,0,0,0,0,1,0,0,0,0,0,0,0,0,0,0,0,0,0,0,0,0,0,0,0,0,0,0,0,0,0,0,0,0,0,
0,0,0,0,1,1,1,0,0,0,0,0,0,0,0,0,0,0,0,0,0,0,0,0,0,0,0,0,0,0,0,0,0,0,0,1,0,0,0,1,0,
0,0,1,1,0,2,2,0,0,0,0,1,0,0,0,0,0,0,0,0,0,0,0,0,0,0,0,0,0,0,0,0,0,0,0,1,0,0,0,1,0,
0,0,1,1,2,0,2,0,0,0,0,1,0,0,0,0,0,0,0,0,0,0,0,0,0,0,0,0,0,0,0,0,0,0,0,1,0,0,0,1,0,
0,0,1,1,2,2,0,0,0,0,0,1,0,0,0,0,0,0,0,0,0,0,0,0,0,0,0,0,0,0,0,0,0,0,0,1,0,0,0,1,0,
0,0,0,0,0,0,0,0,0,0,0,0,1,0,0,0,0,1,0,0,0,1,0,0,0,0,0,0,0,0,0,0,0,1,0,0,0,0,0,0,0,
0,0,0,0,0,0,0,0,0,1,0,0,0,0,0,0,0,0,0,0,0,0,0,0,0,0,0,0,0,0,0,0,0,1,0,0,1,0,0,0,0,
0,0,0,0,0,0,0,0,1,0,0,0,0,0,0,0,0,0,0,0,0,0,0,0,0,0,0,0,0,0,0,0,0,1,0,0,1,0,0,0,0,
0,0,0,0,0,0,0,0,0,0,0,0,0,0,0,0,0,0,0,0,0,0,0,0,0,3,0,0,0,0,0,0,0,4,0,4,0,3,0,0,4,
1,1,1,0,1,1,1,0,0,0,0,0,0,0,0,0,0,0,0,0,0,0,0,0,0,0,0,0,0,0,0,0,0,0,0,1,0,0,0,0,1,
0,0,0,0,0,0,0,1,0,0,0,0,0,0,0,0,0,0,0,0,0,2,1,1,1,0,0,0,0,0,0,1,1,0,0,0,1,0,0,0,0,
0,0,0,0,0,0,0,0,0,0,0,0,0,0,1,1,1,0,0,0,0,0,0,0,0,0,0,0,0,0,0,0,0,0,0,0,0,0,0,1,0,
0,0,0,0,0,0,0,0,0,0,0,0,0,1,0,1,1,0,0,0,0,0,0,0,0,0,0,0,0,0,0,0,0,0,0,0,0,0,0,1,0,
0,0,0,0,0,0,0,0,0,0,0,0,0,1,1,0,1,0,0,0,0,0,0,0,0,0,0,0,0,0,0,0,0,0,0,0,0,0,0,1,0,
0,0,0,0,0,0,0,0,0,0,0,0,0,1,1,1,0,0,0,0,0,0,0,0,0,0,0,0,0,0,0,0,0,0,0,0,0,0,0,1,0,
0,0,0,0,0,0,0,1,0,0,0,0,0,0,0,0,0,0,0,0,0,0,0,0,0,0,0,0,0,0,0,0,0,1,0,0,0,0,0,0,0,
0,0,0,0,0,0,0,0,0,0,0,0,0,0,0,0,0,0,0,1,1,0,0,0,0,0,0,0,0,0,0,0,0,0,0,0,1,0,0,0,0,
0,0,0,0,0,0,0,0,0,0,0,0,0,0,0,0,0,0,1,0,1,0,0,0,0,0,0,0,0,0,0,0,0,0,0,0,1,0,0,0,0,
0,0,0,0,0,0,0,0,0,0,0,0,0,0,0,0,0,0,1,1,0,0,0,0,0,0,0,0,0,0,0,0,0,0,0,0,1,0,0,0,0,
0,0,0,0,0,0,0,1,0,0,0,0,2,0,0,0,0,0,0,0,0,0,1,1,1,0,0,0,0,0,0,0,0,0,0,0,0,0,0,0,0,
0,0,0,0,0,0,0,0,0,0,0,0,1,0,0,0,0,0,0,0,0,1,0,1,1,0,0,0,0,0,0,0,0,0,0,0,0,0,0,0,0,
0,0,0,0,0,0,0,0,0,0,0,0,1,0,0,0,0,0,0,0,0,1,1,0,1,0,0,0,0,0,0,0,0,0,0,0,0,0,0,0,0,
0,0,0,0,0,0,0,0,0,0,0,0,1,0,0,0,0,0,0,0,0,1,1,1,0,0,0,0,0,0,0,0,0,0,0,0,0,0,0,0,0,
0,0,0,0,0,0,0,0,0,0,3,0,0,0,0,0,0,0,0,0,0,0,0,0,0,0,0,0,0,0,0,0,0,3,0,3,0,3,0,0,3,
0,0,0,0,0,0,0,0,0,0,0,0,0,0,0,0,0,0,0,0,0,0,0,0,0,0,0,1,1,0,0,0,0,1,0,0,0,0,0,0,0,
0,0,0,0,0,0,0,0,0,0,0,0,0,0,0,0,0,0,0,0,0,0,0,0,0,0,1,0,1,0,0,0,0,1,0,0,0,0,0,0,0,
0,0,0,0,0,0,0,0,0,0,0,0,0,0,0,0,0,0,0,0,0,0,0,0,0,0,1,1,0,0,0,0,0,1,0,0,0,0,0,0,0,
0,0,0,0,0,0,0,0,0,0,0,0,0,0,0,0,0,0,0,0,0,0,0,0,0,0,0,0,0,0,0,0,0,0,0,0,1,0,1,0,0,
0,0,0,0,0,0,0,0,0,0,0,0,0,0,0,0,0,0,0,0,0,0,0,0,0,0,0,0,0,0,0,0,0,1,1,0,1,0,0,0,0,
0,0,0,0,0,0,0,0,0,0,0,0,1,0,0,0,0,0,0,0,0,0,0,0,0,0,0,0,0,0,0,0,1,0,0,0,1,0,0,0,0,
0,0,0,0,0,0,0,0,0,0,0,0,1,0,0,0,0,0,0,0,0,0,0,0,0,0,0,0,0,0,0,1,0,0,0,0,1,0,0,0,0,
0,0,0,0,0,0,0,1,1,1,4,0,0,0,0,0,0,1,0,0,0,0,0,0,0,3,1,1,1,0,1,0,0,0,1,4,2,3,0,0,4,
0,0,0,0,0,0,0,0,0,0,0,0,0,0,0,0,0,0,0,0,0,0,0,0,0,0,0,0,0,0,1,0,0,1,0,0,1,0,0,0,0,
0,0,0,1,1,1,1,0,0,0,4,1,0,0,0,0,0,0,0,0,0,0,0,0,0,3,0,0,0,0,0,0,0,4,0,0,0,3,0,2,6,
0,0,0,0,0,0,0,0,1,1,0,0,1,0,0,0,0,0,1,1,1,0,0,0,0,0,0,0,0,1,1,1,1,2,1,0,0,0,0,0,0,
0,0,0,0,0,0,0,0,0,0,3,0,0,0,0,0,0,0,0,0,0,0,0,0,0,3,0,0,0,0,0,0,0,3,0,3,0,0,0,0,3,
0,0,0,0,0,0,0,0,0,0,0,0,0,0,0,0,0,0,0,0,0,0,0,0,0,0,0,0,0,1,0,0,0,0,0,0,0,0,0,0,0,
0,0,0,1,1,1,1,0,0,0,0,0,0,1,1,1,1,0,0,0,0,0,0,0,0,0,0,0,0,0,0,0,0,0,0,2,0,0,0,0,1,
0,0,0,0,0,0,0,0,0,0,4,1,0,0,0,0,0,0,0,0,0,0,0,0,0,3,0,0,0,0,0,0,0,4,0,6,0,3,0,1,0,
34,34
Massjouni N.,38,Kanna R.,40,Gad S.,65,Ojili P.K.R.,97,Hossain M.S.,98,Muller R.,103,Grimm C.,104,Haack J.,236,Varley C.,242,Andrews C.,362,Fiaux P.,400,Jian Chen,480,Sanyal J.,481,Bradel L.,499,House l.,500,Leman S.,501,Haeyong Chung,590,Joshi S.H.,591,Xinran Hu,659,House L.,661,Maiti D.,662,Fink G.A.,777,Maoyuan Sun,814,Peng Mi,815,North C.,816,Ramakrishnan N.,817,Seungwon Yang,886,Chao Han,958,Watson L.T.,1030,Greer V.,1031,Bowman I.,1032,Van Horn J.D.,1041,Endert A.,1065,Ragan E.D.,1242,
Massjouni N.,38,Kanna R.,40,Gad S.,65,Ojili P.K.R.,97,Hossain M.S.,98,Muller R.,103,Grimm C.,104,Haack J.,236,Varley C.,242,Andrews C.,362,Fiaux P.,400,Jian Chen,480,Sanyal J.,481,Bradel L.,499,House l.,500,Leman S.,501,Haeyong Chung,590,Joshi S.H.,591,Xinran Hu,659,House L.,661,Maiti D.,662,Fink G.A.,777,Maoyuan Sun,814,Peng Mi,815,North C.,816,Ramakrishnan N.,817,Seungwon Yang,886,Chao Han,958,Watson L.T.,1030,Greer V.,1031,Bowman I.,1032,Van Horn J.D.,1041,Endert A.,1065,Ragan E.D.,1242,
0,1,0,0,0,0,0,0,0,1,0,0,0,0,0,0,1,0,0,0,0,0,0,0,1,0,1,0,0,0,0,0,0,0,
1,0,0,0,0,0,0,0,0,1,0,0,0,0,0,0,1,0,0,0,0,0,0,0,1,0,1,0,0,0,0,0,0,0,
0,0,0,0,1,0,0,0,0,1,0,0,0,0,0,0,0,0,0,0,0,0,0,0,1,1,0,0,0,0,0,0,0,0,
0,0,0,0,1,1,1,0,0,0,0,0,0,0,0,0,0,0,0,0,0,0,0,0,0,1,0,0,1,0,0,0,0,0,
0,0,1,1,0,1,1,0,0,1,0,0,0,0,0,0,0,0,0,0,0,0,0,0,1,2,0,0,1,0,0,0,0,0,
0,0,0,1,1,0,1,0,0,0,0,0,0,0,0,0,0,0,0,0,0,0,0,0,0,1,0,0,1,0,0,0,0,0,
0,0,0,1,1,1,0,0,0,0,0,0,0,0,0,0,0,0,0,0,0,0,0,0,0,1,0,0,1,0,0,0,0,0,
0,0,0,0,0,0,0,0,1,0,0,0,0,0,0,0,0,0,0,0,0,0,0,0,1,0,0,0,0,0,0,0,1,0,
0,0,0,0,0,0,0,1,0,0,0,0,0,0,0,0,0,0,0,0,0,0,0,0,1,0,0,0,0,0,0,0,1,0,
1,1,1,0,1,0,0,0,0,0,0,0,0,0,0,0,1,0,0,0,0,1,0,0,5,1,1,0,0,0,0,0,1,0,
0,0,0,0,0,0,0,0,0,0,0,0,0,0,0,0,0,0,0,0,0,0,0,0,1,0,0,0,0,0,0,0,1,0,
0,0,0,0,0,0,0,0,0,0,0,0,1,0,0,0,1,1,0,0,0,0,0,0,1,0,0,0,0,0,0,0,1,1,
0,0,0,0,0,0,0,0,0,0,0,1,0,0,0,0,0,0,0,0,0,0,0,0,0,0,0,0,0,0,0,0,1,1,
0,0,0,0,0,0,0,0,0,0,0,0,0,0,1,2,0,0,1,1,1,0,0,0,2,0,0,0,0,0,0,0,0,0,
0,0,0,0,0,0,0,0,0,0,0,0,0,1,0,1,0,0,0,0,0,0,0,0,1,0,0,0,0,0,0,0,0,0,
0,0,0,0,0,0,0,0,0,0,0,0,0,2,1,0,0,0,1,2,2,0,0,0,3,0,0,1,0,0,0,0,1,0,
1,1,0,0,0,0,0,0,0,1,0,1,0,0,0,0,0,1,0,0,0,0,0,0,2,0,1,0,0,0,0,0,0,0,
0,0,0,0,0,0,0,0,0,0,0,1,0,0,0,0,1,0,0,0,0,0,0,0,1,0,0,0,0,1,3,3,0,0,
0,0,0,0,0,0,0,0,0,0,0,0,0,1,0,1,0,0,0,1,1,0,0,0,1,0,0,0,0,0,0,0,0,0,
0,0,0,0,0,0,0,0,0,0,0,0,0,1,0,2,0,0,1,0,2,0,0,0,2,0,0,1,0,0,0,0,1,0,
0,0,0,0,0,0,0,0,0,0,0,0,0,1,0,2,0,0,1,2,0,0,0,0,2,0,0,1,0,0,0,0,1,0,
0,0,0,0,0,0,0,0,0,1,0,0,0,0,0,0,0,0,0,0,0,0,0,0,1,0,0,0,0,0,0,0,1,0,
0,0,0,0,0,0,0,0,0,0,0,0,0,0,0,0,0,0,0,0,0,0,0,1,2,2,0,0,0,0,0,0,0,0,
0,0,0,0,0,0,0,0,0,0,0,0,0,0,0,0,0,0,0,0,0,0,1,0,1,1,0,0,0,0,0,0,0,0,
1,1,1,0,1,0,0,1,1,5,1,1,0,2,1,3,2,1,1,2,2,1,2,1,0,3,1,1,0,0,0,0,4,0,
0,0,1,1,2,1,1,0,0,1,0,0,0,0,0,0,0,0,0,0,0,0,2,1,3,0,0,0,1,0,0,0,0,0,
1,1,0,0,0,0,0,0,0,1,0,0,0,0,0,0,1,0,0,0,0,0,0,0,1,0,0,0,0,0,0,0,0,0,
0,0,0,0,0,0,0,0,0,0,0,0,0,0,0,1,0,0,0,1,1,0,0,0,1,0,0,0,0,0,0,0,1,0,
0,0,0,1,1,1,1,0,0,0,0,0,0,0,0,0,0,0,0,0,0,0,0,0,0,1,0,0,0,0,0,0,0,0,
0,0,0,0,0,0,0,0,0,0,0,0,0,0,0,0,0,1,0,0,0,0,0,0,0,0,0,0,0,0,1,1,0,0,
0,0,0,0,0,0,0,0,0,0,0,0,0,0,0,0,0,3,0,0,0,0,0,0,0,0,0,0,0,1,0,3,0,0,
0,0,0,0,0,0,0,0,0,0,0,0,0,0,0,0,0,3,0,0,0,0,0,0,0,0,0,0,0,1,3,0,0,0,
0,0,0,0,0,0,0,1,1,1,1,1,1,0,0,1,0,0,0,1,1,1,0,0,4,0,0,1,0,0,0,0,0,1,
0,0,0,0,0,0,0,0,0,0,0,1,1,0,0,0,0,0,0,0,0,0,0,0,0,0,0,0,0,0,0,0,1,0,
9,9
Franklin L.,277,May R.,281,Bruce J.,340,Pike W.A.,856,Baddeley B.,857,Best D.,858,Riensche R.,872,Younkin K.,1091,Rice D.M.,1093,
Franklin L.,277,May R.,281,Bruce J.,340,Pike W.A.,856,Baddeley B.,857,Best D.,858,Riensche R.,872,Younkin K.,1091,Rice D.M.,1093,
0,1,1,1,1,1,1,1,1,
1,0,1,1,1,1,1,1,1,
1,1,0,1,1,1,1,1,1,
1,1,1,0,1,1,1,1,1,
1,1,1,1,0,1,1,1,1,
1,1,1,1,1,0,1,1,1,
1,1,1,1,1,1,0,1,1,
1,1,1,1,1,1,1,0,1,
1,1,1,1,1,1,1,1,0,
50,50
Lipford H.R.,0,Kosara R.,29,Livingston M.A.,45,Royle D.,46,Decker J.W.,47,Godwin A.,48,Gramazio C.,94,Crouser R.J.,114,Jingjing Liu,118,Weichao Wang,143,Yauilla A.R.,211,Su S.L.,213,Freeman J.G.,315,Ryan R.,354,Stukes F.,403,Dong Hyun Jeong,413,Soo-Yeon Ji,416,Bier E.A.,418,Xiaoyu Wang,430,Cho I.,431,ElTayeby O.,432,Wenwen Dou,434,Ribarsky W.,439,Skau D.,455,Zhiqiang Ma,463,Hawkins M.E.,479,Sudjianto A.,492,Kern D.,493,Suma E.,544,Harrison L.,554,Quan Lin,563,Zhao H.,568,Ghoniem M.,619,Brodley C.E.,694,Chang R.,699,Souvenir R.,700,Zhou M.X.,850,Butkiewicz T.,904,Ottley A.,914,Tran D.,1152,Laidlaw D.H.,1193,Li Yu,1194,Hua Guo,1210,Ziemkiewicz C.,1212,Gomez S.R.,1213,Aidong Lu,1214,Wewnen Dou,1217,Sauda E.,1219,Wang D.X.,1220,Brown E.T.,1253,
Lipford H.R.,0,Kosara R.,29,Livingston M.A.,45,Royle D.,46,Decker J.W.,47,Godwin A.,48,Gramazio C.,94,Crouser R.J.,114,Jingjing Liu,118,Weichao Wang,143,Yauilla A.R.,211,Su S.L.,213,Freeman J.G.,315,Ryan R.,354,Stukes F.,403,Dong Hyun Jeong,413,Soo-Yeon Ji,416,Bier E.A.,418,Xiaoyu Wang,430,Cho I.,431,ElTayeby O.,432,Wenwen Dou,434,Ribarsky W.,439,Skau D.,455,Zhiqiang Ma,463,Hawkins M.E.,479,Sudjianto A.,492,Kern D.,493,Suma E.,544,Harrison L.,554,Quan Lin,563,Zhao H.,568,Ghoniem M.,619,Brodley C.E.,694,Chang R.,699,Souvenir R.,700,Zhou M.X.,850,Butkiewicz T.,904,Ottley A.,914,Tran D.,1152,Laidlaw D.H.,1193,Li Yu,1194,Hua Guo,1210,Ziemkiewicz C.,1212,Gomez S.R.,1213,Aidong Lu,1214,Wewnen Dou,1217,Sauda E.,1219,Wang D.X.,1220,Brown E.T.,1253,
0,0,0,0,0,0,0,0,0,0,0,0,0,0,2,1,0,0,0,0,0,2,1,0,0,1,0,0,0,0,0,0,0,0,2,0,0,0,0,0,0,0,0,0,0,0,0,0,0,0,
0,0,0,0,0,1,0,0,0,0,0,0,0,0,0,0,0,0,0,0,0,0,2,0,0,0,1,1,1,0,0,0,1,0,2,0,0,0,0,0,0,0,0,1,0,0,0,0,0,0,
0,0,0,1,1,1,0,0,0,0,0,0,0,0,0,0,0,0,0,0,0,0,0,0,0,0,0,0,0,0,0,0,0,0,0,0,0,0,0,0,0,0,0,0,0,0,0,0,0,0,
0,0,1,0,1,1,0,0,0,0,0,0,0,0,0,0,0,0,0,0,0,0,0,0,0,0,0,0,0,0,0,0,0,0,0,0,0,0,0,0,0,0,0,0,0,0,0,0,0,0,
0,0,1,1,0,1,0,0,0,0,0,0,0,0,0,0,0,0,0,0,0,0,0,0,0,0,0,0,0,0,0,0,0,0,0,0,0,0,0,0,0,0,0,0,0,0,0,0,0,0,
0,1,1,1,1,0,0,0,0,0,0,0,0,0,0,0,0,0,0,0,0,0,1,0,0,0,0,0,0,0,0,0,0,0,1,0,0,0,0,0,0,0,0,0,0,0,0,0,0,0,
0,0,0,0,0,0,0,0,0,0,0,0,0,0,0,0,0,0,0,0,0,0,0,0,0,0,0,0,0,0,0,0,0,0,1,0,0,0,0,0,0,0,0,0,0,0,0,0,0,0,
0,0,0,0,0,0,0,0,0,0,1,1,1,0,0,0,0,0,0,0,0,0,1,0,0,0,0,0,0,0,0,0,0,0,4,0,0,0,1,0,0,0,0,2,0,0,0,0,0,0,
0,0,0,0,0,0,0,0,0,0,0,0,0,0,0,0,0,0,0,0,0,0,0,0,0,0,0,0,0,0,0,0,0,1,2,0,0,0,0,0,0,0,0,0,0,0,0,0,0,2,
0,0,0,0,0,0,0,0,0,0,0,0,0,0,0,0,0,0,0,0,0,0,0,0,0,0,0,0,0,0,0,0,0,0,0,0,0,0,0,0,0,0,0,0,0,1,0,0,0,0,
0,0,0,0,0,0,0,1,0,0,0,1,0,0,0,0,0,0,0,0,0,0,1,0,0,0,0,0,0,0,0,0,0,0,1,0,0,0,0,0,0,0,0,1,0,0,0,0,0,0,
0,0,0,0,0,0,0,1,0,0,1,0,0,0,0,0,0,0,0,0,0,0,1,0,0,0,0,0,0,0,0,0,0,0,1,0,0,0,0,0,0,0,0,1,0,0,0,0,0,0,
0,0,0,0,0,0,0,1,0,0,0,0,0,0,0,0,0,0,0,0,0,0,0,0,0,0,0,0,0,0,0,0,0,0,1,0,0,0,0,0,0,0,0,0,0,0,0,0,0,0,
0,0,0,0,0,0,0,0,0,0,0,0,0,0,0,1,0,0,1,0,0,1,1,0,0,0,0,0,0,1,0,0,0,0,1,0,0,0,0,0,0,0,0,1,0,0,0,0,0,0,
2,0,0,0,0,0,0,0,0,0,0,0,0,0,0,1,0,0,0,0,0,2,1,0,0,1,0,0,0,0,0,0,0,0,2,0,0,0,0,0,0,0,0,0,0,0,0,0,0,0,
1,0,0,0,0,0,0,0,0,0,0,0,0,1,1,0,1,0,1,0,0,2,5,0,0,0,0,0,1,1,0,0,0,0,5,0,0,1,0,0,0,0,0,1,0,0,0,0,0,0,
0,0,0,0,0,0,0,0,0,0,0,0,0,0,0,1,0,0,0,0,0,0,1,0,0,0,0,0,0,0,0,0,0,0,1,0,0,0,0,0,0,0,0,0,0,0,0,0,0,0,
0,0,0,0,0,0,0,0,0,0,0,0,0,0,0,0,0,0,1,0,0,1,1,0,0,0,0,0,0,0,0,0,0,0,0,0,0,1,0,0,0,0,0,0,0,0,0,0,0,0,
0,0,0,0,0,0,0,0,0,0,0,0,0,1,0,1,0,1,0,1,1,8,9,1,1,0,0,0,0,3,0,0,0,0,2,0,1,1,0,0,0,1,0,1,0,2,0,0,0,0,
0,0,0,0,0,0,0,0,0,0,0,0,0,0,0,0,0,0,1,0,1,1,2,0,0,0,0,0,0,0,0,0,0,0,0,0,0,0,0,0,0,0,0,0,0,0,1,1,1,0,
0,0,0,0,0,0,0,0,0,0,0,0,0,0,0,0,0,0,1,1,0,1,1,0,0,0,0,0,0,0,0,0,0,0,0,0,0,0,0,0,0,0,0,0,0,0,0,0,0,0,
2,0,0,0,0,0,0,0,0,0,0,0,0,1,2,2,0,1,8,1,1,0,9,1,1,1,0,0,0,3,0,0,0,0,4,0,1,1,0,0,0,1,0,1,0,2,0,0,0,0,
1,2,0,0,0,1,0,1,0,0,1,1,0,1,1,5,1,1,9,2,1,9,0,1,1,0,1,1,2,3,0,0,2,0,9,0,1,2,0,0,0,1,0,3,0,2,1,1,1,0,
0,0,0,0,0,0,0,0,0,0,0,0,0,0,0,0,0,0,1,0,0,1,1,0,0,0,0,0,0,0,0,0,0,0,0,0,1,0,0,0,0,0,0,0,0,0,0,0,0,0,
0,0,0,0,0,0,0,0,0,0,0,0,0,0,0,0,0,0,1,0,0,1,1,0,0,0,0,0,0,0,0,0,0,0,0,0,0,0,0,0,0,1,0,0,0,0,0,0,0,0,
1,0,0,0,0,0,0,0,0,0,0,0,0,0,1,0,0,0,0,0,0,1,0,0,0,0,0,0,0,0,0,0,0,0,1,0,0,0,0,0,0,0,0,0,0,0,0,0,0,0,
0,1,0,0,0,0,0,0,0,0,0,0,0,0,0,0,0,0,0,0,0,0,1,0,0,0,0,1,1,0,0,0,1,0,1,0,0,0,0,0,0,0,0,1,0,0,0,0,0,0,
0,1,0,0,0,0,0,0,0,0,0,0,0,0,0,0,0,0,0,0,0,0,1,0,0,0,1,0,1,0,0,0,1,0,1,0,0,0,0,0,0,0,0,1,0,0,0,0,0,0,
0,1,0,0,0,0,0,0,0,0,0,0,0,0,0,1,0,0,0,0,0,0,2,0,0,0,1,1,0,0,0,0,1,0,2,0,0,1,0,0,0,0,0,1,0,0,0,0,0,0,
0,0,0,0,0,0,0,0,0,0,0,0,0,1,0,1,0,0,3,0,0,3,3,0,0,0,0,0,0,0,0,0,0,0,2,0,0,0,0,0,0,0,0,1,0,3,0,0,0,0,
0,0,0,0,0,0,0,0,0,0,0,0,0,0,0,0,0,0,0,0,0,0,0,0,0,0,0,0,0,0,0,1,0,0,1,1,0,0,1,0,0,0,0,0,0,0,0,0,0,1,
0,0,0,0,0,0,0,0,0,0,0,0,0,0,0,0,0,0,0,0,0,0,0,0,0,0,0,0,0,0,1,0,0,0,1,1,0,0,1,0,0,0,0,0,0,0,0,0,0,1,
0,1,0,0,0,0,0,0,0,0,0,0,0,0,0,0,0,0,0,0,0,0,2,0,0,0,1,1,1,0,0,0,0,0,1,0,0,0,0,0,0,0,0,1,0,0,0,0,0,0,
0,0,0,0,0,0,0,0,1,0,0,0,0,0,0,0,0,0,0,0,0,0,0,0,0,0,0,0,0,0,0,0,0,0,1,0,0,0,0,0,0,0,0,0,0,0,0,0,0,1,
2,2,0,0,0,1,1,4,2,0,1,1,1,1,2,5,1,0,2,0,0,4,9,0,0,1,1,1,2,2,1,1,1,1,0,1,0,1,2,0,0,0,0,4,0,1,0,0,0,3,
0,0,0,0,0,0,0,0,0,0,0,0,0,0,0,0,0,0,0,0,0,0,0,0,0,0,0,0,0,0,1,1,0,0,1,0,0,0,1,0,0,0,0,0,0,0,0,0,0,1,
0,0,0,0,0,0,0,0,0,0,0,0,0,0,0,0,0,0,1,0,0,1,1,1,0,0,0,0,0,0,0,0,0,0,0,0,0,0,0,0,0,0,0,0,0,0,0,0,0,0,
0,0,0,0,0,0,0,0,0,0,0,0,0,0,0,1,0,1,1,0,0,1,2,0,0,0,0,0,1,0,0,0,0,0,1,0,0,0,0,0,0,0,0,0,0,0,0,0,0,0,
0,0,0,0,0,0,0,1,0,0,0,0,0,0,0,0,0,0,0,0,0,0,0,0,0,0,0,0,0,0,1,1,0,0,2,1,0,0,0,0,0,0,0,1,0,0,0,0,0,1,
0,0,0,0,0,0,0,0,0,0,0,0,0,0,0,0,0,0,0,0,0,0,0,0,0,0,0,0,0,0,0,0,0,0,0,0,0,0,0,0,1,0,1,0,0,0,0,0,0,0,
0,0,0,0,0,0,0,0,0,0,0,0,0,0,0,0,0,0,0,0,0,0,0,0,0,0,0,0,0,0,0,0,0,0,0,0,0,0,0,1,0,0,3,2,2,0,0,0,0,0,
0,0,0,0,0,0,0,0,0,0,0,0,0,0,0,0,0,0,1,0,0,1,1,0,1,0,0,0,0,0,0,0,0,0,0,0,0,0,0,0,0,0,0,0,0,0,0,0,0,0,
0,0,0,0,0,0,0,0,0,0,0,0,0,0,0,0,0,0,0,0,0,0,0,0,0,0,0,0,0,0,0,0,0,0,0,0,0,0,0,1,3,0,0,2,2,0,0,0,0,0,
0,1,0,0,0,0,0,2,0,0,1,1,0,1,0,1,0,0,1,0,0,1,3,0,0,0,1,1,1,1,0,0,1,0,4,0,0,0,1,0,2,0,2,0,2,0,0,0,0,0,
0,0,0,0,0,0,0,0,0,0,0,0,0,0,0,0,0,0,0,0,0,0,0,0,0,0,0,0,0,0,0,0,0,0,0,0,0,0,0,0,2,0,2,2,0,0,0,0,0,0,
0,0,0,0,0,0,0,0,0,1,0,0,0,0,0,0,0,0,2,0,0,2,2,0,0,0,0,0,0,3,0,0,0,0,1,0,0,0,0,0,0,0,0,0,0,0,0,0,0,0,
0,0,0,0,0,0,0,0,0,0,0,0,0,0,0,0,0,0,0,1,0,0,1,0,0,0,0,0,0,0,0,0,0,0,0,0,0,0,0,0,0,0,0,0,0,0,0,1,1,0,
0,0,0,0,0,0,0,0,0,0,0,0,0,0,0,0,0,0,0,1,0,0,1,0,0,0,0,0,0,0,0,0,0,0,0,0,0,0,0,0,0,0,0,0,0,0,1,0,1,0,
0,0,0,0,0,0,0,0,0,0,0,0,0,0,0,0,0,0,0,1,0,0,1,0,0,0,0,0,0,0,0,0,0,0,0,0,0,0,0,0,0,0,0,0,0,0,1,1,0,0,
0,0,0,0,0,0,0,0,2,0,0,0,0,0,0,0,0,0,0,0,0,0,0,0,0,0,0,0,0,0,1,1,0,1,3,1,0,0,1,0,0,0,0,0,0,0,0,0,0,0,
40,40
Ruiz C.,69,Rundensteiner E.A.,70,Ward M.O.,71,Zhenyu Guo,72,Huang Shiping,88,Satoh S.,186,Jianping Fan,187,Hangzai Luo,188,Di Yang,189,Dongning Luo,195,Hujun Bao,220,Yujie Liu,240,Jacobs D.,244,Hubball D.,399,Barlowe S.,445,Tianyi Zhang,524,Yixian Zheng,564,Wenchao Wu,565,Xinxin Huang,672,Cong Xie,673,Yueqi Hu,675,Xiaoke Huang,691,Ye Zhao,692,Chao Ma,695,Xinyue Ye,696,Jing Yang,697,Chong Zhang,698,Xinlei Zhao,727,Xie Zaixian,824,Yang Chen,828,Alsakran J.,838,Lionel Ni,898,Long Wang,1002,Ronghua Liang,1003,Han Hong,1012,Tianyu Gu,1013,Wei Chen,1014,Feiran Wu,1015,Fei Wang,1125,Yuli Gao,1264,
Ruiz C.,69,Rundensteiner E.A.,70,Ward M.O.,71,Zhenyu Guo,72,Huang Shiping,88,Satoh S.,186,Jianping Fan,187,Hangzai Luo,188,Di Yang,189,Dongning Luo,195,Hujun Bao,220,Yujie Liu,240,Jacobs D.,244,Hubball D.,399,Barlowe S.,445,Tianyi Zhang,524,Yixian Zheng,564,Wenchao Wu,565,Xinxin Huang,672,Cong Xie,673,Yueqi Hu,675,Xiaoke Huang,691,Ye Zhao,692,Chao Ma,695,Xinyue Ye,696,Jing Yang,697,Chong Zhang,698,Xinlei Zhao,727,Xie Zaixian,824,Yang Chen,828,Alsakran J.,838,Lionel Ni,898,Long Wang,1002,Ronghua Liang,1003,Han Hong,1012,Tianyu Gu,1013,Wei Chen,1014,Feiran Wu,1015,Fei Wang,1125,Yuli Gao,1264,
0,1,1,1,0,0,0,0,0,0,0,0,0,0,0,0,0,0,0,0,0,0,0,0,0,0,0,0,0,0,0,0,0,0,0,0,0,0,0,0,
1,0,4,2,1,0,0,0,1,0,0,0,0,0,0,0,0,0,0,0,0,0,0,0,0,0,0,0,1,0,0,0,0,0,0,0,0,0,0,0,
1,4,0,2,1,0,1,1,1,0,0,0,0,1,0,0,0,0,0,0,0,0,0,0,0,1,0,0,1,0,0,0,0,0,0,0,0,0,0,1,
1,2,2,0,0,0,0,0,0,0,0,0,0,0,0,0,0,0,0,0,0,0,0,0,0,0,0,0,0,0,0,0,0,0,0,0,0,0,0,0,
0,1,1,0,0,0,0,0,0,0,0,0,0,0,0,0,0,0,0,0,0,0,0,0,0,0,0,0,1,0,0,0,0,0,0,0,0,0,0,0,
0,0,0,0,0,0,2,2,0,0,0,0,0,0,0,0,0,0,0,0,0,0,0,0,0,2,0,0,0,0,0,0,0,0,0,0,0,0,0,0,
0,0,1,0,0,2,0,3,0,0,0,0,0,1,0,0,0,0,0,0,0,0,0,0,0,3,0,0,0,0,0,0,0,0,0,0,0,0,0,1,
0,0,1,0,0,2,3,0,0,0,0,0,0,1,0,0,0,0,0,0,0,0,0,0,0,3,0,0,0,0,0,0,0,0,0,0,0,0,0,1,
0,1,1,0,0,0,0,0,0,0,0,0,0,0,0,0,0,0,0,0,0,0,0,0,0,0,0,0,0,0,0,0,0,0,0,0,0,0,0,0,
0,0,0,0,0,0,0,0,0,0,0,0,0,0,0,0,0,0,0,0,0,0,0,0,0,1,0,0,0,0,0,0,0,0,0,0,0,0,0,0,
0,0,0,0,0,0,0,0,0,0,0,0,0,0,0,0,0,0,0,0,0,0,1,0,0,0,0,0,0,0,0,0,1,1,1,1,1,1,1,0,
0,0,0,0,0,0,0,0,0,0,0,0,1,0,1,1,0,0,0,0,0,0,0,0,0,1,0,0,0,0,0,0,0,0,0,0,0,0,0,0,
0,0,0,0,0,0,0,0,0,0,0,1,0,0,1,1,0,0,0,0,0,0,0,0,0,1,0,0,0,0,0,0,0,0,0,0,0,0,0,0,
0,0,1,0,0,0,1,1,0,0,0,0,0,0,0,0,0,0,0,0,0,0,0,0,0,1,0,0,0,0,0,0,0,0,0,0,0,0,0,1,
0,0,0,0,0,0,0,0,0,0,0,1,1,0,0,1,0,0,1,1,1,0,1,0,0,4,0,0,0,2,1,0,0,0,0,0,1,0,0,0,
0,0,0,0,0,0,0,0,0,0,0,1,1,0,1,0,0,0,0,0,0,0,0,0,0,1,0,0,0,0,0,0,0,0,0,0,0,0,0,0,
0,0,0,0,0,0,0,0,0,0,0,0,0,0,0,0,0,1,0,0,0,0,0,0,0,0,0,0,0,0,0,1,0,0,0,0,1,0,0,0,
0,0,0,0,0,0,0,0,0,0,0,0,0,0,0,0,1,0,0,0,0,0,0,0,0,0,0,0,0,0,0,1,0,0,0,0,1,0,0,0,
0,0,0,0,0,0,0,0,0,0,0,0,0,0,1,0,0,0,0,1,1,0,0,0,0,1,0,0,0,0,0,0,0,0,0,0,1,0,0,0,
0,0,0,0,0,0,0,0,0,0,0,0,0,0,1,0,0,0,1,0,1,0,0,0,0,1,0,0,0,0,0,0,0,0,0,0,1,0,0,0,
0,0,0,0,0,0,0,0,0,0,0,0,0,0,1,0,0,0,1,1,0,0,0,0,0,1,0,0,0,0,0,0,0,0,0,0,1,0,0,0,
0,0,0,0,0,0,0,0,0,0,0,0,0,0,0,0,0,0,0,0,0,0,1,1,1,1,1,0,0,0,0,0,0,0,0,0,0,0,0,0,
0,0,0,0,0,0,0,0,0,0,1,0,0,0,1,0,0,0,0,0,0,1,0,1,1,2,1,1,0,1,2,0,1,1,1,1,1,1,1,0,
0,0,0,0,0,0,0,0,0,0,0,0,0,0,0,0,0,0,0,0,0,1,1,0,1,1,1,0,0,0,0,0,0,0,0,0,0,0,0,0,
0,0,0,0,0,0,0,0,0,0,0,0,0,0,0,0,0,0,0,0,0,1,1,1,0,1,1,0,0,0,0,0,0,0,0,0,0,0,0,0,
0,0,1,0,0,2,3,3,0,1,0,1,1,1,4,1,0,0,1,1,1,1,2,1,1,0,1,0,0,2,1,0,0,0,0,0,1,0,0,1,
0,0,0,0,0,0,0,0,0,0,0,0,0,0,0,0,0,0,0,0,0,1,1,1,1,1,0,0,0,0,0,0,0,0,0,0,0,0,0,0,
0,0,0,0,0,0,0,0,0,0,0,0,0,0,0,0,0,0,0,0,0,0,1,0,0,0,0,0,0,0,1,0,0,0,0,0,0,0,0,0,
0,1,1,0,1,0,0,0,0,0,0,0,0,0,0,0,0,0,0,0,0,0,0,0,0,0,0,0,0,0,0,0,0,0,0,0,0,0,0,0,
0,0,0,0,0,0,0,0,0,0,0,0,0,0,2,0,0,0,0,0,0,0,1,0,0,2,0,0,0,0,1,0,0,0,0,0,0,0,0,0,
0,0,0,0,0,0,0,0,0,0,0,0,0,0,1,0,0,0,0,0,0,0,2,0,0,1,0,1,0,1,0,0,0,0,0,0,0,0,0,0,
0,0,0,0,0,0,0,0,0,0,0,0,0,0,0,0,1,1,0,0,0,0,0,0,0,0,0,0,0,0,0,0,0,0,0,0,1,0,0,0,
0,0,0,0,0,0,0,0,0,0,1,0,0,0,0,0,0,0,0,0,0,0,1,0,0,0,0,0,0,0,0,0,0,1,1,1,1,1,1,0,
0,0,0,0,0,0,0,0,0,0,1,0,0,0,0,0,0,0,0,0,0,0,1,0,0,0,0,0,0,0,0,0,1,0,1,1,1,1,1,0,
0,0,0,0,0,0,0,0,0,0,1,0,0,0,0,0,0,0,0,0,0,0,1,0,0,0,0,0,0,0,0,0,1,1,0,1,1,1,1,0,
0,0,0,0,0,0,0,0,0,0,1,0,0,0,0,0,0,0,0,0,0,0,1,0,0,0,0,0,0,0,0,0,1,1,1,0,1,1,1,0,
0,0,0,0,0,0,0,0,0,0,1,0,0,0,1,0,1,1,1,1,1,0,1,0,0,1,0,0,0,0,0,1,1,1,1,1,0,1,1,0,
0,0,0,0,0,0,0,0,0,0,1,0,0,0,0,0,0,0,0,0,0,0,1,0,0,0,0,0,0,0,0,0,1,1,1,1,1,0,1,0,
0,0,0,0,0,0,0,0,0,0,1,0,0,0,0,0,0,0,0,0,0,0,1,0,0,0,0,0,0,0,0,0,1,1,1,1,1,1,0,0,
0,0,1,0,0,0,1,1,0,0,0,0,0,1,0,0,0,0,0,0,0,0,0,0,0,1,0,0,0,0,0,0,0,0,0,0,0,0,0,0,
